{
  "bid": 1,
  "type": "rebound",
  "wball": [
    196,
    220
  ],
  "rball": [
    497,
    346
  ],
  "hole": [
    46,
    127
  ],
  "fakeball": [
    522,
    358
  ],
  "rebound_point": [
    585,
    289.0
  ],
  "angle": 89.74037190509769,
  "incident_angle": 122.3390511649172,
  "exit_angle": 73.2435680268051
}